"","p_val","avg_log2FC","pct.1","pct.2","p_val_adj","cluster","gene"
"1",4.30141675882694e-263,4.00598956268538,0.315,0.056,1.57436154789825e-258,"0","CD96"
"2",3.82984437513654e-197,3.86099655428985,0.252,0.046,1.40176133974373e-192,"0","BCL11B"
"3",3.45168380816491e-210,3.76941616668224,0.281,0.056,1.26335079062644e-205,"0","IL7R"
"4",2.25621291355995e-169,3.63036290539074,0.257,0.058,8.25796488492077e-165,"0","ACAP1"
"5",3.42886329832773e-163,3.60119196580319,0.277,0.072,1.25499825582093e-158,"0","CARD11"
"6",1.68288202222563e-208,3.58488879395181,0.26,0.046,6.15951648954803e-204,"0","CD69"
"7",1.57448348315059e-248,3.41936718512525,0.38,0.095,5.76276699667946e-244,"0","SKAP1"
"8",2.01975207237387e-128,2.77197749384087,0.373,0.163,7.39249456009562e-124,"0","RIPOR2"
"9",2.30264656799344e-91,2.77029144016691,0.272,0.11,8.42791670351277e-87,"0","ITGAL"
"10",7.14108099807922e-87,2.75117713126004,0.284,0.123,2.61370705610698e-82,"0","IKZF1"
"11",4.67833804008555e-53,2.50191900825551,0.284,0.162,1.71231850605171e-48,"0","CLEC2D"
"12",3.22077793574223e-200,2.27532027836475,0.527,0.241,1.17883693226101e-195,"0","PTPRC"
"13",3.00073553645538e-133,2.23848256097138,0.481,0.269,1.09829921369803e-128,"0","ARHGAP15"
"14",8.00579791117033e-55,2.16747762011694,0.291,0.163,2.93020209346745e-50,"0","ARAP2"
"15",1.39959839322276e-33,2.11948764768071,0.282,0.192,5.12267007903461e-29,"0","PARP8"
"16",1.35344861123395e-27,2.07942768459259,0.274,0.196,4.95375726197739e-23,"0","PDE7A"
"17",2.27869887876996e-26,2.07023473672838,0.292,0.223,8.34026576618594e-22,"0","RESF1"
"18",2.11870274918269e-70,2.00694085564671,0.442,0.323,7.75466393228355e-66,"0","ANKRD44"
"19",1.44030169907481e-39,1.94249854591809,0.26,0.153,5.27164824878372e-35,"0","LCP2"
"20",1.02370671461887e-52,1.92778405612327,0.297,0.168,3.74686894617654e-48,"0","DOCK2"
"21",3.82355345296534e-70,1.92582938788969,0.343,0.189,1.39945879931985e-65,"0","FYB1"
"22",3.1024745879939e-38,1.80209067237158,0.27,0.165,1.13553672395165e-33,"0","IQGAP2"
"23",7.53316998841069e-22,1.79505403879406,0.264,0.196,2.7572155474582e-17,"0","INPP5D"
"24",6.80887836606604e-40,1.76267513914071,0.275,0.165,2.49211757076383e-35,"0","AOAH"
"25",4.57747159060485e-20,1.71568208389874,0.28,0.219,1.67540037687728e-15,"0","NLRC5"
"26",1.1166504764124e-38,1.69577150092131,0.3,0.192,4.08705240871701e-34,"0","MYO1F"
"27",5.67515521678438e-12,1.68157769273586,0.284,0.257,2.07716356089525e-07,"0","CDC42SE2"
"28",3.70384241467691e-31,1.55899224005038,0.398,0.342,1.3556433621959e-26,"0","EML4"
"29",4.35877553025455e-09,1.52566886625728,0.256,0.229,0.000159535543182847,"0","SH3KBP1"
"30",8.4834672340051e-13,1.5023301949038,0.258,0.214,3.1050338423182e-08,"0","ADGRE5"
"31",1.36071868676333e-36,1.42783679351793,0.481,0.46,4.98036646542245e-32,"0","RNF213"
"32",2.16258308245032e-11,1.40156364505364,0.308,0.286,7.91527034007643e-07,"0","EVL"
"33",6.1748080101122e-13,1.39722297737011,0.372,0.377,2.26004147978116e-08,"0","ATM"
"34",9.03152514078529e-11,1.38507264737163,0.269,0.235,3.30562851677882e-06,"0","ETS1"
"35",2.68451902305092e-35,1.38340632889025,0.406,0.329,9.82560807626867e-31,"0","DOCK10"
"36",4.16312758391238e-42,1.33265804777423,0.314,0.195,1.52374632698777e-37,"0","ANK3"
"37",1.08993738681847e-27,1.30185720194088,0.364,0.288,3.98927982949428e-23,"0","DOCK8"
"38",1.17914882097139e-13,1.27946874496963,0.425,0.466,4.3158025996374e-09,"0","SMCHD1"
"39",3.56324305441723e-30,1.19914189058775,0.395,0.314,1.30418259034725e-25,"0","RUNX1"
"40",3.41109753417439e-17,1.14192435389267,0.354,0.305,1.24849580848317e-12,"0","INPP4B"
"41",6.13193642320363e-16,1.1330153492754,0.366,0.332,2.24435005025676e-11,"0","CD44"
"42",1.22490426133745e-06,1.10753698044147,0.329,0.332,0.0448327208692118,"0","FYN"
"43",9.87129916631525e-16,1.0246544746501,0.454,0.469,3.61299420786305e-11,"0","SYNE2"
"44",3.0054417397786e-12,1.00546157700556,0.383,0.36,1.10002173117636e-07,"0","CHST11"
"45",1.25854557334634e-07,0.810510708530907,0.182,0.276,0.00460640265300495,"0","PRMT2"
"46",3.27451683715566e-09,0.781068490067931,0.164,0.259,0.000119850590756734,"0","LNPEP"
"47",9.57306935642491e-07,0.75316217641242,0.188,0.28,0.0350383911514508,"0","ZZEF1"
"48",3.10209590204178e-08,0.746025725414092,0.174,0.271,0.00113539812110631,"0","PIKFYVE"
"49",2.98527553514254e-11,0.73754575667354,0.156,0.258,1.09264069861752e-06,"0","DIP2A"
"50",3.22948258251453e-09,0.735852227537433,0.166,0.262,0.000118202292002614,"0","STT3B"
"51",0,4.12945438867144,0.493,0.041,0,"1","UNC13C"
"52",0,3.86881015786282,0.281,0.015,0,"1","CASQ2"
"53",0,3.8050441843358,0.52,0.054,0,"1","P2RX1"
"54",0,3.78454726846747,0.807,0.141,0,"1","RYR2"
"55",0,3.78337056162799,0.599,0.058,0,"1","LDB3"
"56",0,3.7474894187335,0.47,0.04,0,"1","ADCY5"
"57",0,3.73034859239363,0.284,0.023,0,"1","AL583808.1"
"58",0,3.66013696945979,0.25,0.015,0,"1","PDE4C"
"59",0,3.65013423096427,0.512,0.06,0,"1","DGKG"
"60",0,3.54929530469264,0.618,0.078,0,"1","RGS6"
"61",0,3.54114486058983,0.305,0.027,0,"1","AL450332.1"
"62",0,3.51688143485887,0.508,0.07,0,"1","MYOM1"
"63",0,3.50399576892635,0.881,0.212,0,"1","CARMN"
"64",0,3.46724576334284,0.25,0.015,0,"1","ADRA1A"
"65",0,3.42718853940588,0.54,0.082,0,"1","HPSE2"
"66",0,3.34578293058961,0.285,0.023,0,"1","RBPMS2"
"67",0,3.29888172806376,0.648,0.089,0,"1","NTRK3"
"68",0,3.23104248172057,0.773,0.153,0,"1","LMOD1"
"69",0,3.20925132984621,0.299,0.033,0,"1","FRK"
"70",0,3.14015373466031,0.462,0.065,0,"1","DPY19L2"
"71",4.06071075072251e-244,3.13402056931544,0.26,0.034,1.48626074187195e-239,"1","PIP5K1B"
"72",0,3.08905555759553,0.503,0.076,0,"1","FHL5"
"73",0,3.07621841278557,0.88,0.286,0,"1","MYH11"
"74",8.06786202442954e-304,3.05650568550383,0.298,0.034,2.95291817956146e-299,"1","SUSD5"
"75",0,3.03965061633419,0.343,0.039,0,"1","JPH2"
"76",0,2.94591464881444,0.457,0.069,0,"1","COL4A5"
"77",0,2.93512239602117,0.401,0.056,0,"1","FREM1"
"78",0,2.93470829849085,0.772,0.269,0,"1","SORBS2"
"79",2.14287066118093e-253,2.93178940048922,0.27,0.035,7.84312090698831e-249,"1","CSRP2"
"80",0,2.92283332392937,0.557,0.087,0,"1","SPEG"
"81",0,2.83200876363993,0.345,0.045,0,"1","CNN1"
"82",0,2.82989534173187,0.343,0.045,0,"1","NPNT"
"83",0,2.82892528712241,0.706,0.177,0,"1","ADGRL3"
"84",0,2.79480284899851,0.644,0.128,0,"1","TTLL7"
"85",3.34737926523244e-256,2.77549718481903,0.264,0.032,1.22517428486773e-251,"1","LINC00702"
"86",0,2.76935416955981,0.409,0.072,0,"1","WTIP"
"87",0,2.75976070884368,0.778,0.244,0,"1","SYNPO2"
"88",0,2.75447946690528,0.642,0.131,0,"1","AKAP6"
"89",0,2.75364308135753,0.37,0.051,0,"1","EDNRA"
"90",0,2.69432208375857,0.364,0.055,0,"1","EFHD1"
"91",0,2.65094749523972,0.459,0.073,0,"1","ITGA7"
"92",2.14266711452099e-238,2.64716572608869,0.269,0.038,7.84237590585827e-234,"1","PDE8B"
"93",9.17057096483466e-258,2.64637653568127,0.324,0.053,3.35652067883913e-253,"1","FAM13C"
"94",0,2.6409308899357,0.376,0.059,0,"1","RNF150"
"95",0,2.6364276342988,0.89,0.442,0,"1","RBPMS"
"96",4.28288320406394e-302,2.62857862017123,0.363,0.057,1.56757808151944e-297,"1","ITIH5"
"97",2.06237608007727e-304,2.61270389668288,0.408,0.076,7.54850269069083e-300,"1","ERBB4"
"98",0,2.60088212243197,0.597,0.144,0,"1","PRUNE2"
"99",1.18250232909408e-233,2.56442715835993,0.25,0.031,4.32807677471723e-229,"1","IGSF9B"
"100",0,2.55619853181593,0.672,0.173,0,"1","RCAN2"
"101",0,4.88624936457936,0.257,0.012,0,"2","SCARA5"
"102",0,4.67475825203945,0.316,0.021,0,"2","ZNF385B"
"103",0,4.59632277582677,0.316,0.025,0,"2","KCND2"
"104",0,4.39215111654098,0.339,0.025,0,"2","AOX1"
"105",0,4.10948120556233,0.639,0.105,0,"2","FBLN1"
"106",0,3.99410414830583,0.37,0.034,0,"2","VIT"
"107",0,3.92983174346862,0.55,0.077,0,"2","ABCA9"
"108",0,3.90593220679552,0.45,0.055,0,"2","SVEP1"
"109",0,3.89503524434388,0.626,0.104,0,"2","ABCA10"
"110",0,3.83991624577171,0.413,0.075,0,"2","C3"
"111",0,3.80621931418471,0.376,0.047,0,"2","TWIST2"
"112",0,3.74287384048994,0.613,0.095,0,"2","PID1"
"113",0,3.69586082708428,0.823,0.332,0,"2","LAMA2"
"114",0,3.69083949908106,0.513,0.106,0,"2","LSAMP"
"115",0,3.68892594788676,0.6,0.114,0,"2","DCN"
"116",1.21992143045816e-266,3.67497930004386,0.288,0.039,4.46503442761993e-262,"2","KCNIP1"
"117",0,3.65318171385625,0.675,0.126,0,"2","ABCA6"
"118",0,3.64343655660028,0.458,0.093,0,"2","NOX4"
"119",0,3.62541400024133,0.697,0.146,0,"2","BICC1"
"120",0,3.6176898588239,0.354,0.044,0,"2","PODN"
"121",8.04926516904687e-235,3.51406587053103,0.268,0.039,2.94611154452285e-230,"2","F3"
"122",1.42925472033142e-306,3.45555091854632,0.324,0.043,5.23121520188502e-302,"2","DNM1"
"123",0,3.37004302627999,0.42,0.074,0,"2","CACNB4"
"124",2.11889719086698e-262,3.34398201476306,0.279,0.036,7.75537560829225e-258,"2","AC108734.4"
"125",4.14719440700535e-262,3.29624385217506,0.31,0.048,1.51791462490803e-257,"2","ADH1B"
"126",0,3.26664099461021,0.624,0.13,0,"2","SLIT2"
"127",0,3.2551800554413,0.365,0.054,0,"2","FGF7"
"128",0,3.23497832014608,0.608,0.158,0,"2","DCLK1"
"129",5.90427247572764e-256,3.21341603069743,0.278,0.037,2.16102276884107e-251,"2","MFAP5"
"130",0,3.20000114951128,0.513,0.074,0,"2","ABCA8"
"131",0,3.06043953937439,0.652,0.219,0,"2","NEGR1"
"132",6.58894813346719e-194,3.0173511096342,0.261,0.046,2.41162090633033e-189,"2","SMOC2"
"133",2.02741927919034e-254,2.9378781194776,0.416,0.102,7.42055730376458e-250,"2","SPOCK1"
"134",0,2.93563705263991,0.633,0.175,0,"2","COL6A3"
"135",5.6837189595858e-174,2.90707884305198,0.253,0.049,2.080297976398e-169,"2","CGNL1"
"136",1.07439830294447e-121,2.89748940795556,0.283,0.089,3.93240522860707e-117,"2","GALNT15"
"137",7.32527167202043e-199,2.8837708447289,0.418,0.132,2.6811226846762e-194,"2","CCDC80"
"138",1.96551733534127e-183,2.8127072394144,0.265,0.051,7.1939899990826e-179,"2","TENM4"
"139",2.58118993623936e-233,2.78395896449765,0.344,0.069,9.44741328562968e-229,"2","ADAMTSL1"
"140",1.34074957379257e-221,2.76382492577232,0.303,0.055,4.9072775150382e-217,"2","ZFHX4"
"141",1.24725420129135e-236,2.72995960774918,0.37,0.081,4.56507510214646e-232,"2","PDGFRA"
"142",1.24574531400456e-172,2.68333135858632,0.33,0.088,4.55955242378807e-168,"2","FBLN5"
"143",6.18525221400287e-272,2.6668343378825,0.472,0.124,2.26386416284719e-267,"2","UST"
"144",1.89301769493372e-264,2.62557355636239,0.448,0.112,6.9286340652269e-260,"2","PTPRS"
"145",8.06632555785194e-132,2.60333210567594,0.254,0.064,2.95235581742939e-127,"2","APOD"
"146",5.112276401363e-169,2.59713208578328,0.274,0.059,1.87114428566287e-164,"2","ASAP3"
"147",4.076595493118e-183,2.59464829799366,0.318,0.075,1.49207471643612e-178,"2","MEG8"
"148",2.51923923076834e-214,2.58659513828012,0.494,0.169,9.2206675085352e-210,"2","KCNT2"
"149",8.36365685232229e-222,2.57313347512391,0.417,0.117,3.06118204451848e-217,"2","GLI3"
"150",2.44507677010818e-207,2.55415052167936,0.343,0.078,8.94922548627295e-203,"2","IL16"
"151",0,4.16136376680809,0.469,0.062,0,"3","SLC11A1"
"152",0,3.9799168271237,0.337,0.045,0,"3","SLC28A3"
"153",4.97377811117973e-276,3.97263365336557,0.255,0.026,1.82045252647289e-271,"3","VSIG4"
"154",0,3.95727978005964,0.371,0.045,0,"3","MS4A6A"
"155",0,3.91140314438818,0.38,0.039,0,"3","LILRB4"
"156",0,3.8029122902766,0.595,0.08,0,"3","ITGAX"
"157",4.86966326928927e-276,3.769585125249,0.266,0.029,1.78234545319257e-271,"3","FCER1G"
"158",2.32553265718549e-272,3.74411051787078,0.264,0.029,8.5116820785646e-268,"3","CLEC5A"
"159",0,3.73971917880092,0.512,0.071,0,"3","CD163"
"160",0,3.73533178590441,0.354,0.036,0,"3","CLEC7A"
"161",0,3.71311598965082,0.366,0.044,0,"3","CSF2RA"
"162",0,3.64979286045573,0.392,0.047,0,"3","WDFY4"
"163",7.389307987319e-229,3.64959438586754,0.362,0.083,2.70456061643863e-224,"3","CHI3L1"
"164",0,3.64306367773607,0.317,0.032,0,"3","FGD2"
"165",0,3.63592793377775,0.384,0.059,0,"3","MARCO"
"166",3.70879293894047e-299,3.61184724138314,0.314,0.041,1.3574553035816e-294,"3","IFI30"
"167",1.49707137483217e-279,3.57372016962057,0.262,0.027,5.47943093902322e-275,"3","TRPM2"
"168",0,3.57184980540733,0.287,0.03,0,"3","MNDA"
"169",0,3.54012295435683,0.511,0.076,0,"3","ITGAM"
"170",3.7453445533746e-193,3.53121683056835,0.268,0.05,1.37083355998064e-188,"3","C1QB"
"171",0,3.52570531648703,0.554,0.087,0,"3","ALOX5"
"172",2.49150556589971e-217,3.50286745551201,0.288,0.051,9.11915952174953e-213,"3","APOC1"
"173",1.90205488183054e-213,3.48835195498597,0.452,0.146,6.96171107298798e-209,"3","SPP1"
"174",0,3.4603672873013,0.454,0.085,0,"3","LNCAROD"
"175",0,3.45724304034788,0.31,0.036,0,"3","FPR3"
"176",2.5947624972257e-239,3.45705830017149,0.269,0.038,9.49709021609578e-235,"3","CD14"
"177",1.04609115752908e-286,3.45582559824635,0.263,0.026,3.82879824567219e-282,"3","CD86"
"178",0,3.44302283905482,0.568,0.119,0,"3","MRC1"
"179",1.17631547181415e-280,3.43496247020541,0.269,0.029,4.30543225838697e-276,"3","LILRB1"
"180",1.2504608820242e-243,3.43360620814039,0.482,0.152,4.57681187429678e-239,"3","LYZ"
"181",9.95808970036187e-270,3.43294671460126,0.27,0.032,3.64476041122945e-265,"3","ST18"
"182",0,3.42038446158256,0.341,0.045,0,"3","PLEK"
"183",2.55615253046603e-283,3.39780498172777,0.255,0.024,9.35577387675872e-279,"3","LST1"
"184",1.44297171857895e-295,3.39192420121946,0.32,0.044,5.2814207871708e-291,"3","TYROBP"
"185",0,3.38884658654013,0.49,0.118,0,"3","FBP1"
"186",4.22648100803467e-271,3.38624558136655,0.306,0.043,1.54693431375077e-266,"3","HLA-DQA1"
"187",0,3.3766061285318,0.545,0.095,0,"3","CYBB"
"188",0,3.35593162052384,0.493,0.063,0,"3","SYK"
"189",0,3.34813102958482,0.394,0.048,0,"3","SPI1"
"190",8.02757526110854e-247,3.34703915365054,0.268,0.035,2.93817282131834e-242,"3","TMEM176B"
"191",0,3.31311635269912,0.33,0.04,0,"3","NCF2"
"192",0,3.29951466169415,0.476,0.073,0,"3","TFEC"
"193",7.54382956149867e-305,3.29944949341377,0.388,0.07,2.76111705780413e-300,"3","LPL"
"194",0,3.284800750666,0.542,0.123,0,"3","FMN1"
"195",6.215069662663e-308,3.28297195903768,0.394,0.071,2.27477764723129e-303,"3","AC025580.2"
"196",2.03385435587663e-234,3.25670516355487,0.254,0.033,7.44411032794404e-230,"3","FCGR2A"
"197",2.70502945236364e-258,3.24379139478959,0.286,0.039,9.90067829859614e-254,"3","ADAM28"
"198",0,3.22904288189916,0.4,0.064,0,"3","ZNF804A"
"199",0,3.22207670470311,0.524,0.108,0,"3","SLC1A3"
"200",0,3.20609739653576,0.385,0.045,0,"3","HCK"
"201",0,5.1042621671391,0.29,0.022,0,"4","TPO"
"202",0,4.66525019927844,0.332,0.023,0,"4","NOSTRIN"
"203",5.90603862884946e-211,3.62990264829846,0.294,0.048,2.16166919854519e-206,"4","ELOVL7"
"204",3.01038160319695e-238,3.5584033751895,0.265,0.031,1.10182977058612e-233,"4","NR5A2"
"205",0,3.55528637698429,0.583,0.107,0,"4","EMCN"
"206",4.31156570027178e-182,3.46621307968313,0.263,0.044,1.57807616195648e-177,"4","RAMP3"
"207",0,3.34773106413655,0.621,0.138,0,"4","ADGRL4"
"208",0,3.25229156133395,0.494,0.078,0,"4","DIPK2B"
"209",1.70246519672984e-229,3.16035815762731,0.346,0.062,6.2311928665509e-225,"4","MYO5C"
"210",0,3.15114103081909,0.509,0.102,0,"4","CYYR1"
"211",7.75104377542218e-262,3.1505662159725,0.383,0.067,2.83695953224227e-257,"4","RAPGEF3"
"212",1.46944637052843e-211,3.14346928938355,0.364,0.078,5.3783206607711e-207,"4","PLVAP"
"213",2.31976299481077e-215,3.11972354359024,0.348,0.067,8.49056453730691e-211,"4","AL589693.1"
"214",2.95399993108021e-128,3.0560813691304,0.269,0.065,1.08119351477467e-123,"4","SPRY1"
"215",8.01647989394901e-216,2.99050359474403,0.468,0.133,2.93411180598428e-211,"4","RYR3"
"216",1.05565893809867e-190,2.9822480237988,0.332,0.07,3.86381727933495e-186,"4","TLL1"
"217",2.70478063808314e-153,2.91833828264741,0.309,0.075,9.89976761344809e-149,"4","CCDC85A"
"218",1.72076437777407e-234,2.87628640721734,0.598,0.225,6.29816969909087e-230,"4","LIFR"
"219",7.72812795118468e-150,2.8335148711339,0.276,0.059,2.82857211141311e-145,"4","TACR1"
"220",8.32289285749986e-159,2.83109525468223,0.312,0.073,3.04626201477352e-154,"4","JAM2"
"221",4.1045140977074e-283,2.82048734599333,0.492,0.11,1.50229320490189e-278,"4","SNTG2"
"222",3.16388198313979e-124,2.74867876770199,0.26,0.063,1.158012444649e-119,"4","SH3BGRL2"
"223",0,2.72543696131134,0.557,0.123,0,"4","SHANK3"
"224",1.03077721252897e-153,2.72509837681153,0.418,0.137,3.77274767557727e-149,"4","ADAMTS9"
"225",6.24698956385815e-140,2.72094862697285,0.262,0.057,2.28646065026772e-135,"4","ADGRF5"
"226",5.2212302489603e-164,2.71846065735553,0.351,0.089,1.91102248342196e-159,"4","SLCO2A1"
"227",1.53541686101753e-229,2.71771922849472,0.566,0.195,5.61977925301025e-225,"4","FAM155A"
"228",8.5961106171882e-203,2.67818579864295,0.58,0.228,3.14626244699705e-198,"4","ZNF385D"
"229",7.32074659339856e-178,2.66426808565642,0.439,0.138,2.67946646064981e-173,"4","DNM3"
"230",4.16230892250229e-219,2.62601780624533,0.428,0.103,1.52344668872506e-214,"4","ADCY4"
"231",8.74570947164582e-170,2.60575559970477,0.374,0.098,3.20101712371709e-165,"4","NOTCH4"
"232",2.3052217016247e-165,2.50263839952808,0.347,0.086,8.43734195011656e-161,"4","MET"
"233",1.59688559154472e-220,2.47665695149189,0.558,0.188,5.84476095361284e-216,"4","THSD7A"
"234",1.2006926203081e-140,2.44179295146065,0.333,0.091,4.39465505958967e-136,"4","TSPAN7"
"235",1.69708299604428e-115,2.43205790826657,0.26,0.066,6.21149347382165e-111,"4","PDE10A"
"236",4.10034751478374e-108,2.37657412052391,0.316,0.1,1.500768193886e-103,"4","ABCB1"
"237",9.28305009697825e-121,2.34759012920328,0.291,0.079,3.39768916599501e-116,"4","RASIP1"
"238",9.48482597840025e-243,2.32107132350886,0.65,0.255,3.47154115635427e-238,"4","PREX2"
"239",4.88936037505727e-150,2.29674699669512,0.38,0.111,1.78955479087471e-145,"4","TEK"
"240",3.38735559188902e-119,2.2822772722304,0.409,0.158,1.2398060201873e-114,"4","MYRIP"
"241",2.76457241536277e-104,2.27687381478687,0.322,0.107,1.01186114974693e-99,"4","CACHD1"
"242",7.57559874667303e-165,2.270937462302,0.547,0.23,2.7727448972698e-160,"4","PKP4"
"243",8.84120133768918e-231,2.24079344838973,0.706,0.323,3.23596810160762e-226,"4","PLCB1"
"244",1.25685705952806e-161,2.23826421105073,0.409,0.122,4.60022252357865e-157,"4","CCSER1"
"245",1.80427127317302e-235,2.22484501540833,0.537,0.152,6.60381328694057e-231,"4","PALMD"
"246",1.20109563720349e-228,2.22013110373147,0.676,0.288,4.39613014172851e-224,"4","TSHZ2"
"247",4.78064033485483e-207,2.21434927348185,0.561,0.196,1.74976216896022e-202,"4","PLEKHG1"
"248",4.15122318314072e-138,2.20431113741166,0.387,0.125,1.51938919726133e-133,"4","FNBP1L"
"249",1.74249086963972e-139,2.20114235987023,0.434,0.154,6.37769083196833e-135,"4","PIK3R3"
"250",1.36686315640741e-138,2.18944651598336,0.37,0.113,5.00285583876677e-134,"4","ICA1"
"251",0,4.38889191544964,0.33,0.019,0,"5","CLDN10-AS1"
"252",0,4.31443607529776,0.561,0.048,0,"5","CPAMD8"
"253",0,4.04280695737592,0.294,0.02,0,"5","SULT1B1"
"254",0,4.00173026113146,0.639,0.071,0,"5","AC084740.1"
"255",0,3.94526186645934,0.469,0.064,0,"5","CRTAC1"
"256",0,3.89353942747371,0.733,0.102,0,"5","AC093817.2"
"257",0,3.83263448967649,0.363,0.025,0,"5","F5"
"258",4.53851181218472e-297,3.7108211947214,0.393,0.058,1.66114070837773e-292,"5","EDN1"
"259",0,3.60496742157475,0.636,0.12,0,"5","BMP6"
"260",0,3.44369992914426,0.51,0.057,0,"5","ST8SIA6"
"261",0,3.43078357452962,0.389,0.038,0,"5","FAM189A1"
"262",0,3.41106029306956,0.459,0.051,0,"5","BMX"
"263",4.32229419415129e-273,3.40321009730541,0.26,0.022,1.58200289800132e-268,"5","MOV10L1"
"264",4.05333519860591e-207,3.31884104381672,0.471,0.135,1.48356121604175e-202,"5","LINC00607"
"265",0,3.26284101788529,0.419,0.036,0,"5","SELP"
"266",0,3.23644301971294,0.39,0.03,0,"5","MPZL2"
"267",0,3.22194907575324,0.431,0.049,0,"5","GRB14"
"268",0,3.1302993772554,0.372,0.044,0,"5","AC019197.1"
"269",0,3.1289729909833,0.444,0.057,0,"5","GJA5"
"270",2.78108863259001e-270,3.10424514048262,0.343,0.045,1.01790625041427e-265,"5","AC004540.1"
"271",0,3.08471955702791,0.334,0.034,0,"5","NOS3"
"272",5.65021857829075e-277,3.04957171701822,0.34,0.043,2.0680365018402e-272,"5","SH3RF2"
"273",2.73365788118843e-265,2.97922561193336,0.38,0.059,1.00054612109378e-260,"5","PTGS2"
"274",4.39681148667251e-298,2.9680855075491,0.434,0.071,1.60927697223701e-293,"5","AC008050.1"
"275",0,2.92931357126836,0.553,0.105,0,"5","SMAD6"
"276",0,2.91656674214655,0.49,0.088,0,"5","PLA2G4A"
"277",0,2.90255431032133,0.786,0.202,0,"5","ANO2"
"278",1.19568888955826e-250,2.85676159465163,0.412,0.076,4.37634090467217e-246,"5","SLC4A4"
"279",0,2.84508394006247,0.843,0.206,0,"5","PTPRB"
"280",1.79784996758915e-236,2.83925241537217,0.381,0.068,6.58031066637305e-232,"5","CDH23"
"281",0,2.82912418918584,0.73,0.181,0,"5","HMCN1"
"282",0,2.79967411254277,0.908,0.34,0,"5","MECOM"
"283",3.72662150567159e-202,2.76350170589785,0.279,0.04,1.36398073729086e-197,"5","KIAA1549L"
"284",0,2.71460087125654,0.729,0.214,0,"5","PLXNA2"
"285",3.60995563800167e-212,2.70306919503751,0.411,0.089,1.32127986306499e-207,"5","PCDH11X"
"286",0,2.68749140042736,0.793,0.23,0,"5","VWF"
"287",6.68116372970387e-259,2.68605627828294,0.341,0.047,2.44537273670891e-254,"5","TMC7"
"288",4.05332745844528e-186,2.64999706013434,0.26,0.037,1.48355838306556e-181,"5","HYAL2"
"289",7.24250161264936e-205,2.64803277312544,0.262,0.034,2.65082801524579e-200,"5","KIAA1211L"
"290",4.25206349107719e-240,2.63153518424005,0.317,0.043,1.55629775836916e-235,"5","LTC4S"
"291",1.19835714845725e-222,2.61250540910949,0.749,0.399,4.38610699906837e-218,"5","GMDS"
"292",6.20239538589338e-160,2.59069520536765,0.631,0.303,2.27013873519083e-155,"5","MGP"
"293",3.48864252304066e-205,2.56050712744346,0.307,0.048,1.27687804985811e-200,"5","CXCL2"
"294",6.89908609544014e-204,2.55905047099906,0.277,0.038,2.52513450179205e-199,"5","CPNE5"
"295",2.35056832531408e-175,2.53652790605617,0.283,0.048,8.60331512748207e-171,"5","ARNT2"
"296",2.10704720324475e-299,2.50930740005578,0.572,0.132,7.71200346859609e-295,"5","DKK2"
"297",0,2.48692108436827,0.608,0.129,0,"5","PIK3C2B"
"298",5.52075603215051e-200,2.45005739659292,0.303,0.048,2.02065191532741e-195,"5","ASS1"
"299",2.03498200647706e-241,2.44703479935988,0.341,0.05,7.44823764190669e-237,"5","SEMA3F"
"300",0,2.39580643390266,0.563,0.107,0,"5","EFNB2"
"301",2.2618339961784e-296,3.20338375467926,0.418,0.054,8.27853860941257e-292,"6","ITGA11"
"302",9.71367165819707e-123,2.86418562384767,0.301,0.068,3.55530096361671e-118,"6","KCNQ5"
"303",2.27498629917948e-188,2.73456894441218,0.705,0.303,8.32667735362681e-184,"6","COL1A1"
"304",3.81674887216247e-186,2.68635188359341,0.418,0.088,1.39696825470019e-181,"6","TBX2"
"305",1.12647570597686e-188,2.63119200421901,0.432,0.095,4.12301373144592e-184,"6","THBS2"
"306",3.00641127612788e-174,2.57079061127108,0.534,0.168,1.10037659117556e-169,"6","SUGCT"
"307",2.7472281319184e-127,2.52254582106991,0.254,0.046,1.00551296856345e-122,"6","LINC00670"
"308",8.88984609226802e-160,2.48122444215801,0.626,0.25,3.25377256823102e-155,"6","POSTN"
"309",1.77721021165353e-127,2.47905949904196,0.312,0.068,6.5047670956731e-123,"6","ID4"
"310",3.51791955416016e-168,2.47572415675034,0.431,0.106,1.28759373601816e-163,"6","INHBA"
"311",6.8392862309725e-201,2.47528803197935,0.705,0.3,2.50324715339824e-196,"6","ITGA1"
"312",1.70702892668855e-229,2.44439355110769,0.91,0.613,6.24789657457276e-225,"6","FN1"
"313",8.59520270433282e-82,2.36248696101529,0.282,0.082,3.14593014181286e-77,"6","NRG3"
"314",8.01911640390828e-165,2.35796450574893,0.467,0.128,2.93507679499447e-160,"6","SLC24A3"
"315",2.38925178998145e-118,2.32363955038437,0.338,0.086,8.74490047651109e-114,"6","PDGFA"
"316",1.97193514452539e-197,2.31036126162831,0.667,0.232,7.21747982247736e-193,"6","VCAN"
"317",1.55698566362199e-188,2.29578199782527,0.686,0.268,5.69872322742283e-184,"6","COL18A1"
"318",1.2618336683374e-58,2.28864210676242,0.459,0.228,4.61843740948172e-54,"6","TIMP1"
"319",4.23771251363323e-157,2.28208064702362,0.454,0.123,1.5510451571149e-152,"6","SEMA5A"
"320",4.94733887508889e-168,2.27834799915529,0.508,0.144,1.81077550167128e-163,"6","COL27A1"
"321",8.30246395819033e-166,2.2331848927402,0.763,0.404,3.03878483333724e-161,"6","COL1A2"
"322",1.23838786939795e-93,2.2278243895725,0.262,0.063,4.53262344078343e-89,"6","FKBP10"
"323",2.53137128764005e-121,2.21860463083899,0.254,0.048,9.26507204989135e-117,"6","SPRY4-AS1"
"324",1.30176179547359e-143,2.20325050913943,0.429,0.118,4.7645783476129e-139,"6","ADAMTS2"
"325",1.27105092467444e-140,2.19897521714347,0.502,0.167,4.65217348940092e-136,"6","COL5A1"
"326",3.68749679960613e-178,2.19681350074327,0.58,0.184,1.34966070362384e-173,"6","SGIP1"
"327",6.88294279117849e-156,2.1401539122419,0.602,0.232,2.51922589099924e-151,"6","MICAL2"
"328",1.95672496328792e-135,2.13888994086889,0.5,0.163,7.16180903813011e-131,"6","ITGA8"
"329",9.58634608540991e-88,2.13122849938846,0.617,0.327,3.50869853072088e-83,"6","TAGLN"
"330",1.61754526766538e-166,2.11955119050796,0.619,0.219,5.92037743418206e-162,"6","AEBP1"
"331",1.96205397224767e-147,2.11477136652124,0.571,0.208,7.18131374382369e-143,"6","ITGBL1"
"332",7.72302744499872e-92,2.09585514249412,0.424,0.164,2.82670527514398e-87,"6","DDAH1"
"333",2.70688308788775e-85,2.09549003708794,0.438,0.178,9.90746278997797e-81,"6","BGN"
"334",7.39705994241632e-122,2.09242812204084,0.642,0.304,2.7073979095238e-117,"6","SERPINE1"
"335",8.83257117047072e-220,2.05792130946797,0.814,0.382,3.23280937410399e-215,"6","CACNA1C"
"336",1.33344607485658e-83,2.05060970014013,0.258,0.067,4.88054597858256e-79,"6","AP002026.1"
"337",1.7740346252418e-82,2.05031528782691,0.251,0.064,6.4931441318475e-78,"6","ARSJ"
"338",3.28381706620512e-84,2.04354187546971,0.28,0.077,1.20190988440174e-79,"6","MICALL2"
"339",3.53732238457633e-174,2.04344916473097,0.533,0.151,1.29469536597878e-169,"6","MRVI1"
"340",2.48941736152189e-78,2.03536590536008,0.522,0.262,9.11151648490626e-74,"6","CCDC102B"
"341",4.76963697233838e-124,2.03439383126553,0.408,0.116,1.74573482824557e-119,"6","PDLIM3"
"342",3.70929517619476e-120,2.0246896665465,0.483,0.17,1.35763912743904e-115,"6","FBLIM1"
"343",2.91417501116571e-99,1.99572722401903,0.64,0.344,1.06661719583676e-94,"6","ACTA2"
"344",1.23114080906327e-86,1.99414030933268,0.672,0.395,4.50609847525249e-82,"6","UACA"
"345",9.081991480968e-120,1.97844155195747,0.397,0.114,3.3240997019491e-115,"6","FAT1"
"346",1.63548427919136e-130,1.95037923811962,0.525,0.191,5.98603601026828e-126,"6","PRSS23"
"347",1.63283262040031e-74,1.90849037915016,0.258,0.073,5.97633067392716e-70,"6","ARHGAP44"
"348",2.25538260448126e-74,1.90178951229349,0.258,0.072,8.25492587066185e-70,"6","PLEKHG2"
"349",3.6170521050287e-131,1.89805288985846,0.682,0.353,1.32387724096155e-126,"6","COL4A1"
"350",7.83144048542521e-71,1.893889570868,0.276,0.085,2.86638553207048e-66,"6","NFASC"
"351",0,6.85530553428498,0.869,0.039,0,"7","PKHD1L1"
"352",0,6.53670039798377,0.455,0.009,0,"7","PROX1"
"353",0,6.47878680474792,0.431,0.021,0,"7","AL357507.1"
"354",1.50243947048212e-266,5.87819507300694,0.342,0.026,5.49907870591162e-262,"7","CCL21"
"355",0,5.65608449001602,0.345,0.014,0,"7","DLGAP2"
"356",0,5.569864038427,0.296,0.011,0,"7","KLHL4"
"357",0,5.38210826736574,0.459,0.02,0,"7","PARD6G"
"358",0,5.37462193306318,0.307,0.011,0,"7","SCNN1B"
"359",0,5.14225042507511,0.497,0.033,0,"7","SEMA3A"
"360",0,5.10437086823231,0.715,0.081,0,"7","MMRN1"
"361",4.9628423647854e-297,4.93022099348128,0.353,0.024,1.8164499339351e-292,"7","FLT4"
"362",0,4.90916102154124,0.622,0.07,0,"7","SLC22A23"
"363",0,4.85150427536548,0.575,0.038,0,"7","LINC02147"
"364",0,4.6658992438724,0.569,0.053,0,"7","STK32B"
"365",0,4.53745167893857,0.59,0.049,0,"7","RELN"
"366",0,4.36708195298975,0.586,0.062,0,"7","STON2"
"367",6.65165560127323e-230,4.31259712104798,0.353,0.033,2.43457246662202e-225,"7","NR2F1"
"368",1.5191279446852e-221,4.15147516711389,0.351,0.035,5.56016019034228e-217,"7","SEMA3D"
"369",2.46538790110047e-214,4.0693638869904,0.37,0.041,9.02356625681782e-210,"7","FAM189A2"
"370",0,4.06768186963442,0.579,0.068,0,"7","GPM6A"
"371",3.20916838423539e-192,4.02870527195451,0.254,0.019,1.17458772031399e-187,"7","SV2B"
"372",5.83933543855193e-204,3.89608863337425,0.425,0.059,2.13725516386439e-199,"7","SRGAP3"
"373",0,3.88988570429026,0.719,0.117,0,"7","CD36"
"374",1.86537738116087e-242,3.8366857720668,0.592,0.106,6.8274677527869e-238,"7","TSPAN5"
"375",7.3649233798787e-209,3.79117642100784,0.408,0.052,2.6956356062694e-204,"7","PIEZO2"
"376",2.78630540576874e-169,3.77727171997936,0.357,0.049,1.01981564156542e-164,"7","PCSK6"
"377",5.18701494970028e-260,3.76607800199205,0.668,0.137,1.8984993417398e-255,"7","SMAD1"
"378",4.2202532679639e-297,3.7403229741718,0.586,0.081,1.54465489860747e-292,"7","COLEC12"
"379",0,3.66208305177192,0.848,0.2,0,"7","STOX2"
"380",2.89386793462777e-286,3.65959181778833,0.706,0.136,1.05918460275311e-281,"7","MPP7"
"381",3.47203764857268e-233,3.6572633162152,0.554,0.093,1.27080049975409e-228,"7","SEMA6A"
"382",2.7455009544985e-244,3.64162944276108,0.839,0.302,1.00488080435599e-239,"7","PPFIBP1"
"383",5.24579483647854e-260,3.62704754081312,0.641,0.12,1.92001336809951e-255,"7","VAV3"
"384",1.78748281871257e-152,3.58831533850579,0.298,0.036,6.54236586476987e-148,"7","STXBP6"
"385",1.44975009442701e-145,3.5201750825567,0.33,0.048,5.30623032061229e-141,"7","OSBP2"
"386",4.55748704073008e-114,3.39267530364757,0.326,0.06,1.66808583177762e-109,"7","ART4"
"387",6.68308345425664e-187,3.36742333301879,0.507,0.095,2.44607537509247e-182,"7","RASGRP3"
"388",9.03199874632332e-188,3.35722237919539,0.668,0.188,3.3058018611418e-183,"7","PGM5"
"389",1.04759035802358e-185,3.32834009665303,0.366,0.046,3.83428546940209e-181,"7","KDR"
"390",3.93591399203887e-190,3.31533147362936,0.77,0.295,1.44058388022615e-185,"7","TFPI"
"391",9.72744537307995e-206,3.29903285684384,0.78,0.265,3.56034228100099e-201,"7","EFNA5"
"392",1.85228853573882e-199,3.29238289598268,0.484,0.079,6.77956126965767e-195,"7","NRG3"
"393",9.32981764805246e-136,3.27397824475881,0.444,0.097,3.41480655736368e-131,"7","NR2F1-AS1"
"394",8.16014837229708e-176,3.2616292135917,0.562,0.13,2.98669590574445e-171,"7","LRRC1"
"395",4.96153196982302e-87,3.16739800935255,0.256,0.047,1.81597031627492e-82,"7","CATSPERB"
"396",1.47955537488023e-232,3.15143812098921,0.848,0.296,5.41532062759914e-228,"7","ST6GALNAC3"
"397",2.06913425159186e-99,3.12676648287169,0.336,0.072,7.57323827425136e-95,"7","KANK3"
"398",5.08694591455107e-186,3.1248955265759,0.51,0.094,1.86187307418484e-181,"7","TBX1"
"399",8.92733994284271e-181,3.04996274430065,0.727,0.246,3.26749569247986e-176,"7","PTPRE"
"400",2.9491476758815e-165,3.04417064564749,0.516,0.109,1.07941754084939e-160,"7","PDE7B"
"401",0,7.21638542396831,0.427,0.005,0,"8","GRIK3"
"402",0,6.74547706618506,0.65,0.026,0,"8","XKR4"
"403",0,6.65210588185129,0.37,0.006,0,"8","PRIMA1"
"404",0,6.60560960137123,0.446,0.01,0,"8","LRRTM4"
"405",0,6.60179706250411,0.749,0.025,0,"8","SORCS1"
"406",0,6.59737167724861,0.305,0.005,0,"8","ATP10B"
"407",0,6.59705515476147,0.794,0.059,0,"8","NRXN1"
"408",0,6.54456107959603,0.542,0.01,0,"8","ZNF536"
"409",0,6.49727014122964,0.483,0.012,0,"8","NKAIN3"
"410",0,6.43757988117479,0.266,0.003,0,"8","SORCS3"
"411",0,6.39177458306,0.483,0.007,0,"8","ERBB3"
"412",0,6.38485031143121,0.322,0.007,0,"8","ST6GALNAC2"
"413",0,6.36787898872833,0.347,0.007,0,"8","PEX5L"
"414",0,6.34132244112667,0.528,0.019,0,"8","SLC35F1"
"415",0,6.31970582254703,0.277,0.004,0,"8","PCSK2"
"416",0,6.31534336627507,0.294,0.005,0,"8","SOX10"
"417",0,6.20958438674506,0.542,0.019,0,"8","FRMD5"
"418",0,6.20114891423893,0.314,0.008,0,"8","TMEM132B"
"419",0,6.19735970650388,0.362,0.006,0,"8","RASGEF1C"
"420",0,6.06637289120176,0.282,0.003,0,"8","BCAS1"
"421",0,6.05079233773731,0.596,0.021,0,"8","CDH19"
"422",0,6.04020994737158,0.48,0.013,0,"8","MPZ"
"423",0,6.03816933420671,0.305,0.008,0,"8","ESRRG"
"424",0,5.99737239751542,0.305,0.01,0,"8","STK32A"
"425",0,5.92763504683381,0.311,0.008,0,"8","HCN1"
"426",0,5.9151293207321,0.638,0.036,0,"8","CADM2"
"427",0,5.90088213744323,0.285,0.008,0,"8","COBL"
"428",0,5.79652944583832,0.339,0.007,0,"8","EPB41L4B"
"429",0,5.7422202453048,0.316,0.011,0,"8","PRX"
"430",0,5.73770587814914,0.452,0.019,0,"8","SEMA3B"
"431",0,5.70518868788232,0.599,0.021,0,"8","COL28A1"
"432",3.33550348170346e-283,5.5365161417513,0.271,0.01,1.22082762933828e-278,"8","AC018742.1"
"433",0,5.43997053632665,0.277,0.004,0,"8","FA2H"
"434",6.72930093591805e-212,5.43263298112903,0.364,0.032,2.46299143555536e-207,"8","MLIP"
"435",0,5.3960045275932,0.528,0.032,0,"8","CHL1"
"436",0,5.37150045308128,0.353,0.015,0,"8","ST6GALNAC5"
"437",0,5.33128604334162,0.333,0.007,0,"8","S100B"
"438",0,5.32742431318089,0.48,0.033,0,"8","GPM6B"
"439",0,5.28365108285543,0.398,0.015,0,"8","TAFA5"
"440",0,5.22013181966494,0.311,0.008,0,"8","PLP1"
"441",0,5.21972012858731,0.61,0.047,0,"8","IL1RAPL1"
"442",0,5.19959162190064,0.511,0.03,0,"8","LRRC7"
"443",0,5.15418821711506,0.316,0.011,0,"8","KANK4"
"444",0,5.10342583673802,0.254,0.007,0,"8","MAL"
"445",0,5.0998775979389,0.469,0.034,0,"8","SCN7A"
"446",5.13470316538533e-262,4.99391100668409,0.347,0.021,1.87935270556268e-257,"8","ARHGAP39"
"447",3.42666853846242e-269,4.96267867004356,0.432,0.035,1.25419495176263e-264,"8","SHC4"
"448",3.63262332453366e-288,4.93979176444732,0.511,0.048,1.32957646301256e-283,"8","ITGB8"
"449",2.36057641549966e-182,4.92851758404565,0.26,0.017,8.63994573837031e-178,"8","NLGN4X"
"450",0,4.85398782830683,0.421,0.026,0,"8","NCAM1"
"451",0,7.655010438427,0.479,0.004,0,"9","AC116345.1"
"452",0,6.4059839976993,0.34,0.006,0,"9","DLEU7"
"453",0,6.34672030671493,0.665,0.029,0,"9","TENM2"
"454",0,6.23938277454409,0.457,0.013,0,"9","KLF5"
"455",0,5.76350887840681,0.426,0.015,0,"9","SHISA6"
"456",3.465728055931e-230,5.2049043150202,0.319,0.012,1.26849112575131e-225,"9","CLDN1"
"457",9.28900799046724e-217,5.09186905049467,0.793,0.109,3.39986981459092e-212,"9","SLC22A3"
"458",8.02904683791461e-169,4.87632111786045,0.543,0.058,2.93871143314513e-164,"9","PTCH1"
"459",6.82754749343856e-164,4.80766310459259,0.484,0.046,2.49895065807345e-159,"9","SORCS2"
"460",5.69841386915833e-114,4.7731616087442,0.319,0.027,2.08567646025064e-109,"9","SLC2A1"
"461",3.6051269211643e-186,4.7657220888563,0.537,0.049,1.31951250441535e-181,"9","PTCH2"
"462",5.23914327832864e-198,4.60564736479443,0.665,0.077,1.91757883130107e-193,"9","EBF2"
"463",1.9669557003483e-216,4.38118734132216,0.346,0.015,7.19925455884482e-212,"9","KANK4"
"464",1.12333749591983e-120,4.11227690012238,0.532,0.077,4.11152756881616e-116,"9","PAK3"
"465",1.65577414135657e-134,4.10231316222529,0.431,0.043,6.06029893477919e-130,"9","DAPK2"
"466",4.05380976418956e-74,4.02310300597993,0.255,0.026,1.48373491179102e-69,"9","LINC01500"
"467",4.1548361021338e-91,3.95084024173131,0.426,0.062,1.52071156174199e-86,"9","PTGDS"
"468",6.56713853401741e-97,3.89001903710481,0.803,0.278,2.40363837483571e-92,"9","BNC2"
"469",1.37038044645434e-127,3.84041395390863,0.351,0.029,5.01572947206754e-123,"9","ADAMTSL2"
"470",5.06475315593937e-102,3.82239574486631,0.521,0.088,1.85375030260537e-97,"9","MATN2"
"471",1.4742671273729e-91,3.62733737852708,0.319,0.034,5.39596511289754e-87,"9","TSBP1-AS1"
"472",8.54833678613143e-66,3.52475623989455,0.346,0.054,3.12877674709197e-61,"9","COL23A1"
"473",5.37621173441073e-76,3.50485950955089,0.42,0.071,1.96774725691167e-71,"9","PAPLN"
"474",2.26844039869073e-102,3.42301878489211,0.261,0.02,8.30271870324795e-98,"9","SLC7A14-AS1"
"475",3.43214858714636e-41,3.41727132459764,0.324,0.073,1.25620070438144e-36,"9","MRAS"
"476",2.71203640995301e-59,3.4052555012333,0.298,0.044,9.92632446406901e-55,"9","PKDCC"
"477",4.04035357535594e-59,3.33842952007425,0.505,0.135,1.47880981211603e-54,"9","ARHGAP42"
"478",4.50094032408687e-72,3.3274213893565,0.314,0.04,1.64738916801903e-67,"9","CYP4X1"
"479",2.87570504882632e-66,3.30415926917067,0.282,0.036,1.05253680492092e-61,"9","NEBL"
"480",2.29008169525416e-52,3.23123429606969,0.463,0.119,8.38192801279973e-48,"9","LMO7"
"481",2.82672691696859e-68,3.16972267613894,0.521,0.121,1.03461031887967e-63,"9","PRICKLE1"
"482",2.85744472574661e-65,3.14550316711734,0.463,0.098,1.04585334407052e-60,"9","MAPK10"
"483",1.2217884323346e-50,3.10230342682809,0.638,0.272,4.47186784118786e-46,"9","GAB1"
"484",2.20508380526499e-107,3.07997706304145,0.378,0.04,8.07082723565038e-103,"9","LRRC7"
"485",3.46117618201566e-78,3.04310437393168,0.681,0.196,1.26682509437955e-73,"9","FLRT2"
"486",1.56372255342464e-75,3.00758648391868,0.596,0.145,5.72338091778953e-71,"9","ITGA6"
"487",4.13947406880073e-50,2.99756226250961,0.271,0.042,1.51508890392176e-45,"9","CLMP"
"488",6.34205724191277e-66,2.99563724093922,0.415,0.077,2.32125637111249e-61,"9","BMPR1B"
"489",1.06294351924639e-67,2.99388650722553,0.314,0.043,3.8904795747937e-63,"9","NR2F1"
"490",5.99286510366379e-92,2.98989377423102,0.479,0.075,2.19344855659198e-87,"9","VIT"
"491",7.77439308888339e-38,2.98182368926208,0.293,0.062,2.84550561446221e-33,"9","GPSM2"
"492",4.15516031242283e-30,2.93213280076638,0.298,0.077,1.52083022594988e-25,"9","A4GALT"
"493",2.107456230891e-72,2.92473602049661,0.564,0.134,7.71350055068416e-68,"9","MEOX2"
"494",1.66077965896579e-39,2.85697882221578,0.447,0.137,6.0786196297807e-35,"9","AC002066.1"
"495",1.36664609915553e-38,2.82336307914289,0.319,0.072,5.00206138751917e-34,"9","IGFBP6"
"496",4.17373033640026e-49,2.81106147617713,0.335,0.064,1.52762704042586e-44,"9","ADAMTSL3"
"497",8.2123717035316e-70,2.79707985038106,0.34,0.049,3.0058101672096e-65,"9","ACADL"
"498",9.06195782907108e-46,2.78230058626015,0.356,0.077,3.3167671850183e-41,"9","TLE2"
"499",1.83691582528033e-68,2.77262893479151,0.707,0.242,6.72329561210852e-64,"9","PDZRN4"
"500",1.69181930875999e-42,2.76416423805627,0.521,0.179,6.19222785199244e-38,"9","PDE1A"
"501",9.48496650239206e-63,2.38988250963845,0.311,0.028,3.47159258954052e-58,"10","CA2"
"502",2.35461116897058e-39,1.96782847582657,0.274,0.033,8.61811233954923e-35,"10","ASRGL1"
"503",3.95622400993116e-93,1.9460412727614,0.849,0.13,1.4480175498749e-88,"10","LNCAROD"
"504",4.70345085739377e-64,1.90366921004937,0.774,0.162,1.72151004831469e-59,"10","LINC00607"
"505",7.86414843718563e-53,1.85736067461818,0.302,0.031,2.87835696949431e-48,"10","MT1G"
"506",1.92151612180443e-46,1.83699707677921,0.34,0.043,7.03294115741638e-42,"10","AQP9"
"507",9.77333978815462e-38,1.82778608832238,0.264,0.032,3.57714009586247e-33,"10","TREM1"
"508",2.4328748516195e-57,1.81903320076506,0.67,0.128,8.90456524441251e-53,"10","GCLC"
"509",3.89074828458498e-48,1.7554729544508,0.5,0.085,1.42405277964095e-43,"10","SLC31A1"
"510",4.46166953990585e-80,1.72723945383543,0.736,0.111,1.63301566830094e-75,"10","AC025580.2"
"511",3.46460569854399e-59,1.71646179718905,0.292,0.026,1.26808033172409e-54,"10","COL11A1"
"512",2.30137763565981e-79,1.70326616597775,0.717,0.106,8.42327228427846e-75,"10","ZNF804A"
"513",9.85042817079669e-55,1.6818052428226,0.387,0.047,3.6053552147933e-50,"10","CLDN10-AS1"
"514",4.83298887475454e-38,1.66836451302704,0.34,0.05,1.76892225804891e-33,"10","KCNK13"
"515",2.04166897079919e-36,1.65305811934552,0.311,0.045,7.4727126000221e-32,"10","SULT1B1"
"516",9.44214770873794e-56,1.64033625206402,0.292,0.027,3.45592048287517e-51,"10","SIGLEC10"
"517",3.12318227954891e-63,1.63889348425401,0.83,0.176,1.1431159461377e-58,"10","FMN1"
"518",3.93268432369916e-65,1.62068573995954,0.632,0.1,1.43940178931713e-60,"10","MARCO"
"519",2.73740923762363e-43,1.61155455656891,0.764,0.209,1.00191915506262e-38,"10","GLDN"
"520",1.08336206259183e-59,1.58977216740068,0.642,0.11,3.96521348529235e-55,"10","LPL"
"521",8.1950476043115e-56,1.58897499550442,0.566,0.092,2.99946937365405e-51,"10","TLR2"
"522",1.94040428114881e-80,1.57762269062692,0.623,0.081,7.10207370943277e-76,"10","SLC28A3"
"523",3.16305822620493e-68,1.56375930679817,0.83,0.164,1.15771094137326e-63,"10","FBP1"
"524",8.2978344934762e-35,1.557039605227,0.311,0.046,3.03709040295722e-30,"10","SLC5A4-AS1"
"525",7.71642603303932e-68,1.55277063006044,0.689,0.114,2.82428909235272e-63,"10","SLC11A1"
"526",1.28595749874887e-40,1.55265642703681,0.358,0.052,4.70673304117075e-36,"10","CAMK1"
"527",1.42782219526753e-34,1.53355836063697,0.406,0.074,5.22597201689868e-30,"10","HK2"
"528",2.8596562269803e-43,1.51158299996288,0.292,0.034,1.04666277563706e-38,"10","ACAN"
"529",9.08478073368082e-37,1.49906992290065,0.264,0.033,3.32512059633452e-32,"10","C3AR1"
"530",3.50591942692875e-50,1.4962404590027,0.425,0.059,1.28320156945019e-45,"10","CLEC5A"
"531",3.88265460839656e-30,1.48085962128375,0.311,0.052,1.42109041321923e-25,"10","CA12"
"532",8.73256923703276e-65,1.4753989340369,0.802,0.152,3.19620766644636e-60,"10","CYBB"
"533",4.57700617045024e-38,1.47508769130238,0.33,0.048,1.67523002844649e-33,"10","SERPINA1"
"534",1.07970461663726e-29,1.4682498129665,0.283,0.045,3.95182686735404e-25,"10","F2R"
"535",6.78993663523765e-37,1.45701322554859,0.321,0.047,2.48518470786333e-32,"10","CLEC12A"
"536",2.30271226256133e-33,1.43864827026474,0.349,0.059,8.42815715220071e-29,"10","COX6B1"
"537",4.35267438310717e-35,1.43579233214389,0.311,0.046,1.59312235096105e-30,"10","LUM"
"538",2.84014260475815e-42,1.43577485391551,0.377,0.056,1.03952059476753e-37,"10","PFKFB4"
"539",1.55705688299743e-58,1.42302577021696,0.821,0.192,5.6989838974589e-54,"10","LYZ"
"540",7.0896668290213e-65,1.41554563515519,0.679,0.117,2.59488895609009e-60,"10","CHI3L1"
"541",4.50996158230112e-33,1.41206363924901,0.33,0.054,1.65069103873803e-28,"10","ARF6"
"542",1.19225199984159e-45,1.41160143788517,0.547,0.102,4.36376154462022e-41,"10","MMP2"
"543",9.75058815951165e-56,1.41151015793282,0.538,0.083,3.56881277226286e-51,"10","LILRB4"
"544",1.95083323064595e-34,1.40915522145275,0.358,0.06,7.14024470748726e-30,"10","AC066613.2"
"545",4.31158152303825e-50,1.40741836373807,0.434,0.062,1.57808195324723e-45,"10","ST18"
"546",2.35748598078061e-33,1.40600498200722,0.255,0.033,8.62863443825511e-29,"10","AC013652.1"
"547",1.68004583023991e-21,1.40360006108197,0.264,0.051,6.14913574326109e-17,"10","CHCHD10"
"548",1.95446490235568e-29,1.39998085693227,0.255,0.037,7.15353698911203e-25,"10","HK3"
"549",3.23434695810996e-35,1.3925199949157,0.509,0.111,1.18380333013782e-30,"10","ATP6AP2"
"550",5.32753134065384e-37,1.38912759218127,0.679,0.178,1.94992974599271e-32,"10","P4HA1"
"551",0,10.3100766184033,0.25,0,0,"11","CIDEC"
"552",0,9.72541623495199,0.479,0.001,0,"11","LINC02607"
"553",0,9.18453635911469,0.312,0.001,0,"11","GPD1"
"554",0,8.91083897819709,0.5,0.002,0,"11","GYG2"
"555",0,8.8017346813549,0.583,0.002,0,"11","TRHDE-AS1"
"556",0,8.4333323218507,0.417,0.002,0,"11","ADIPOQ"
"557",0,8.32305944675999,0.792,0.009,0,"11","SLC19A3"
"558",1.31550974000586e-240,8.21412299017012,0.292,0.002,4.81489719939544e-236,"11","CIDEA"
"559",0,8.20671189693601,0.438,0.002,0,"11","AL845331.2"
"560",0,8.16654103042182,0.646,0.002,0,"11","PLIN1"
"561",2.22871515114761e-206,7.90880214695898,0.312,0.003,8.15732032471535e-202,"11","PLIN4"
"562",1.03134474412778e-143,7.88551420523774,0.271,0.004,3.7748248979821e-139,"11","TRARG1"
"563",0,7.85081990568983,0.458,0.004,0,"11","PFKFB1"
"564",0,7.71965239047782,0.417,0.003,0,"11","AL136119.1"
"565",1.55520458577143e-174,7.64081339506196,0.792,0.035,5.692204304382e-170,"11","GPAM"
"566",0,7.41396453498902,0.292,0.001,0,"11","NWD2"
"567",3.04253314571635e-195,7.19142713907461,0.312,0.004,1.11359755666364e-190,"11","LINC02240"
"568",1.05438222574057e-145,7.03671184343082,0.292,0.005,3.85914438443304e-141,"11","ALDH1L1"
"569",4.76834161208514e-301,6.63653134322168,0.542,0.008,1.74526071343928e-296,"11","LINC02237"
"570",1.03513471963207e-236,6.58566391934844,0.667,0.016,3.78869658732534e-232,"11","PLIN5"
"571",5.38868437303436e-273,6.57164113667434,0.75,0.018,1.9723123673743e-268,"11","TMEM132C"
"572",5.64287519710562e-265,6.42700453968748,0.646,0.013,2.06534875089263e-260,"11","MLXIPL"
"573",4.22230214129714e-187,6.401989084797,0.688,0.023,1.54540480673617e-182,"11","AQP7"
"574",5.38525821351877e-176,6.39711568821019,0.5,0.012,1.97105835873e-171,"11","TRHDE"
"575",1.83802262890365e-103,6.27182931372987,0.396,0.014,6.72734662405024e-99,"11","ACVR1C"
"576",5.27364829217962e-116,6.20472215935244,0.688,0.04,1.93020801142066e-111,"11","LINC00598"
"577",2.87183423174548e-119,6.10175440169796,0.354,0.009,1.05112004716116e-114,"11","LINC01239"
"578",8.35967802265331e-105,5.83672742605107,0.271,0.006,3.05972575307134e-100,"11","AC007529.2"
"579",1.69170241274335e-126,5.69111053707574,0.5,0.018,6.19180000088192e-122,"11","LVRN"
"580",2.31572506767454e-121,5.43186272480342,0.438,0.014,8.47578532019557e-117,"11","LIPE"
"581",7.79941883971595e-55,5.30545426491783,0.396,0.027,2.85466528952443e-50,"11","FASN"
"582",1.2865705277426e-70,5.27808620037433,0.646,0.058,4.70897678859067e-66,"11","AC004160.1"
"583",1.50277203320621e-58,5.2627203142339,0.312,0.015,5.50029591873806e-54,"11","GPT2"
"584",8.8174920151146e-105,5.24320759550635,0.479,0.02,3.22729025245209e-100,"11","AGBL4"
"585",1.12399299358679e-62,5.24159981070456,0.812,0.114,4.11392675582699e-58,"11","PDE3B"
"586",2.9984505212585e-86,5.22505071412943,0.625,0.044,1.09746287528582e-81,"11","PTGER3"
"587",1.10055706219911e-41,5.1153324619783,0.917,0.263,4.02814890335495e-37,"11","ACACB"
"588",3.81807915843172e-75,5.11000938807675,0.417,0.021,1.39745515277759e-70,"11","MARC1"
"589",1.20873517828628e-95,5.09079132869217,0.521,0.026,4.4240916260456e-91,"11","PRKAR2B"
"590",5.6885455877973e-94,4.98192945033216,0.75,0.059,2.08206457058969e-89,"11","MGST1"
"591",2.63907733897915e-87,4.66933229992488,0.417,0.018,9.65928696839759e-83,"11","ENPP1"
"592",9.40050100783581e-59,4.64403878729657,0.542,0.048,3.44067737387799e-54,"11","ZBED3-AS1"
"593",6.30546703959815e-55,4.61644515612008,0.292,0.014,2.30786399116332e-50,"11","SLC66A1L"
"594",9.30861549607693e-48,4.57277671282736,0.354,0.024,3.40704635771912e-43,"11","APCDD1"
"595",6.701753790726e-33,4.53783765327591,0.333,0.031,2.45290890494363e-28,"11","AGPAT2"
"596",1.64691163717368e-29,4.51135428874226,0.292,0.026,6.02786128321937e-25,"11","CDH20"
"597",8.01943771956473e-69,4.44304793467487,0.396,0.021,2.93519439973789e-64,"11","FABP4"
"598",5.10488058482048e-54,4.43527810163308,0.458,0.036,1.86843734285014e-49,"11","PCOLCE2"
"599",1.96537702149313e-46,4.41829711009165,0.583,0.071,7.19347643636702e-42,"11","PDE8B"
"600",1.89761794155066e-44,4.39393178721471,0.583,0.075,6.94547142786959e-40,"11","MAOA"
